beta1,beta2,x_tmax,front_chord,front_camber,mach_in,loss,pressure_rise,converged
48.37629201975768,-1.978535299776972,0.5807122697598386,0.5123544767734582,0.5331131716023453,0.825,0.038624,1.362016,True
48.78024377648363,1.244777205960193,0.5524278713894462,0.6497437727346489,0.4390992281242089,0.85,0.055174,1.368321,True
48.78024377648363,1.244777205960193,0.5524278713894462,0.6497437727346489,0.4390992281242089,0.825,0.054719,1.339682,True
48.78024377648363,1.244777205960193,0.5524278713894462,0.6497437727346489,0.4390992281242089,0.8,0.054263,1.31275,True
49.23226043951444,0.9312224312049593,0.5542828041601773,0.5286052639418812,0.4618116453042247,0.8,0.044262,1.330805,True
49.23226043951444,0.9312224312049593,0.5542828041601773,0.5286052639418812,0.4618116453042247,0.825,0.043506,1.359995,True
49.23226043951444,0.9312224312049593,0.5542828041601773,0.5286052639418812,0.4618116453042247,0.85,0.043144,1.390789,True
48.37629201975768,-1.978535299776972,0.5807122697598386,0.5123544767734582,0.5331131716023453,0.8,0.039087,1.332872,True
49.11241912259915,0.8929094806374023,0.3040586039512102,0.6282137577573557,0.47644323300585245,0.8,0.042914,1.327576,True
49.11241912259915,0.8929094806374023,0.3040586039512102,0.6282137577573557,0.47644323300585245,0.825,0.044616,1.354512,True
49.977727612782154,1.848908304259683,0.6898723654877916,0.5843447376560148,0.6127366712017559,0.8,0.042277,1.338706,True
49.11241912259915,0.8929094806374023,0.3040586039512102,0.6282137577573557,0.47644323300585245,0.85,0.047217,1.382337,True
49.977727612782154,1.848908304259683,0.6898723654877916,0.5843447376560148,0.6127366712017559,0.825,0.041953,1.368018,True
49.13805361292148,1.4706655799254595,0.4959123924684255,0.41169142101586487,0.44063390209351505,0.8,0.038639,1.335822,True
48.47255237844092,1.0606498053513156,0.5753483492837237,0.6332590805879302,0.45506088837744835,0.8,0.05154,1.314608,True
49.13805361292148,1.4706655799254595,0.4959123924684255,0.41169142101586487,0.44063390209351505,0.825,0.037607,1.365521,True
48.47255237844092,1.0606498053513156,0.5753483492837237,0.6332590805879302,0.45506088837744835,0.825,0.050799,1.34276,True
48.47255237844092,1.0606498053513156,0.5753483492837237,0.6332590805879302,0.45506088837744835,0.85,0.051097,1.371842,True
49.578105286409155,-0.022598430106709477,0.5030485901475481,0.4535461813018982,0.5486603720106349,0.8,0.038717,1.341797,True
49.075628480811275,-1.6566535639211568,0.3625994697959955,0.6233752667172359,0.3023354803972096,0.8,0.076516,1.295124,True
49.578105286409155,-0.022598430106709477,0.5030485901475481,0.4535461813018982,0.5486603720106349,0.825,0.038436,1.371334,True
49.977727612782154,1.848908304259683,0.6898723654877916,0.5843447376560148,0.6127366712017559,0.85,0.042497,1.398636,True
49.651952356425035,1.6122504324193967,0.5174233437921395,0.40063500899205,0.34572049503278135,0.8,0.046451,1.332156,True
49.651952356425035,1.6122504324193967,0.5174233437921395,0.40063500899205,0.34572049503278135,0.825,0.044619,1.362168,True
48.87800091797525,0.5798527546049796,0.45242615124499574,0.6646702982868159,0.5885896692427472,0.8,0.042834,1.329066,True
49.651952356425035,1.6122504324193967,0.5174233437921395,0.40063500899205,0.34572049503278135,0.85,0.044317,1.393025,True
48.87800091797525,0.5798527546049796,0.45242615124499574,0.6646702982868159,0.5885896692427472,0.825,0.040878,1.359128,True
48.87800091797525,0.5798527546049796,0.45242615124499574,0.6646702982868159,0.5885896692427472,0.85,0.040336,1.390043,True
49.61219270968978,0.5308216844892333,0.3148625176080942,0.49172040600374467,0.661770939852928,0.8,0.036708,1.344155,True
49.59331597038209,-1.2294219241228626,0.4588695277870376,0.668470002285168,0.4147305633599988,0.8,0.056107,1.319246,True
49.61219270968978,0.5308216844892333,0.3148625176080942,0.49172040600374467,0.661770939852928,0.85,0.040292,1.402494,True
49.59331597038209,-1.2294219241228626,0.4588695277870376,0.668470002285168,0.4147305633599988,0.825,0.058345,1.344996,True
49.61219270968978,0.5308216844892333,0.3148625176080942,0.49172040600374467,0.661770939852928,0.825,0.036362,1.373896,True
49.59331597038209,-1.2294219241228626,0.4588695277870376,0.668470002285168,0.4147305633599988,0.85,0.059562,1.373074,True
49.43446420599342,-0.4511841432149084,0.6053920998038748,0.653938364330864,0.44912656522153527,0.8,0.053669,1.321534,True
49.43446420599342,-0.4511841432149084,0.6053920998038748,0.653938364330864,0.44912656522153527,0.825,0.052435,1.350375,True
49.43446420599342,-0.4511841432149084,0.6053920998038748,0.653938364330864,0.44912656522153527,0.85,0.052557,1.379961,True
48.057854153271805,-1.8281705728744928,0.6622931938534636,0.31753212102826933,0.6098833945166218,0.825,0.127105,1.303021,True
49.76718616107978,1.9541281248446665,0.6026761669705463,0.45888593569531744,0.45843220358178716,0.8,0.042069,1.336635,True
48.057854153271805,-1.8281705728744928,0.6622931938534636,0.31753212102826933,0.6098833945166218,0.85,0.155885,1.308857,True
48.057854153271805,-1.8281705728744928,0.6622931938534636,0.31753212102826933,0.6098833945166218,0.8,0.072197,1.311906,True
49.76718616107978,1.9541281248446665,0.6026761669705463,0.45888593569531744,0.45843220358178716,0.825,0.041122,1.366308,True
49.76718616107978,1.9541281248446665,0.6026761669705463,0.45888593569531744,0.45843220358178716,0.85,0.041311,1.39707,True
48.34335686459673,-1.0481277372288014,0.5343719592306679,0.3316660541601846,0.48595457585373225,0.8,0.039014,1.333519,True
48.34335686459673,-1.0481277372288014,0.5343719592306679,0.3316660541601846,0.48595457585373225,0.825,0.040835,1.361255,True
48.02909952139224,-0.6944471870119289,0.6270762455394971,0.6476774564419328,0.6369979104497933,0.8,0.040237,1.327556,True
48.02909952139224,-0.6944471870119289,0.6270762455394971,0.6476774564419328,0.6369979104497933,0.85,0.039686,1.386942,True
48.34335686459673,-1.0481277372288014,0.5343719592306679,0.3316660541601846,0.48595457585373225,0.85,0.047039,1.387555,True
48.02909952139224,-0.6944471870119289,0.6270762455394971,0.6476774564419328,0.6369979104497933,0.825,0.03936,1.356748,True
48.57847687897287,0.046073592498445226,0.6811076874488519,0.641237957547807,0.6493969758217042,0.8,0.040854,1.330816,True
48.68369717406881,1.0327637477889322,0.5798247001613678,0.511763988195759,0.41807620467090095,0.8,0.046912,1.323764,True
48.68369717406881,1.0327637477889322,0.5798247001613678,0.511763988195759,0.41807620467090095,0.825,0.045796,1.35281,True
48.68369717406881,1.0327637477889322,0.5798247001613678,0.511763988195759,0.41807620467090095,0.85,0.045636,1.383002,True
49.290914193092924,0.6260058573237846,0.685468260077081,0.5080616472453046,0.5084424981920683,0.8,0.04173,1.334684,True
49.290914193092924,0.6260058573237846,0.685468260077081,0.5080616472453046,0.5084424981920683,0.825,0.041147,1.364004,True
48.58283109810841,-1.6889872300428759,0.3234555168763097,0.481807218075693,0.5161947952069122,0.8,0.036274,1.336498,True
49.290914193092924,0.6260058573237846,0.685468260077081,0.5080616472453046,0.5084424981920683,0.85,0.041566,1.394491,True
48.57847687897287,0.046073592498445226,0.6811076874488519,0.641237957547807,0.6493969758217042,0.825,0.040262,1.359953,True
48.58283109810841,-1.6889872300428759,0.3234555168763097,0.481807218075693,0.5161947952069122,0.825,0.034649,1.366792,True
48.58283109810841,-1.6889872300428759,0.3234555168763097,0.481807218075693,0.5161947952069122,0.85,0.03472,1.397843,True
48.64143385715908,-1.7351703905967042,0.4625610740880981,0.44713581392044977,0.3647453823185951,0.8,0.047186,1.327505,True
48.71544223710166,0.3159527327040954,0.6573880867516987,0.5328415608621162,0.6756464544341215,0.8,0.040052,1.33474,True
48.71544223710166,0.3159527327040954,0.6573880867516987,0.5328415608621162,0.6756464544341215,0.85,0.04312,1.392354,True
48.64143385715908,-1.7351703905967042,0.4625610740880981,0.44713581392044977,0.3647453823185951,0.825,0.044755,1.357657,True
48.71544223710166,0.3159527327040954,0.6573880867516987,0.5328415608621162,0.6756464544341215,0.825,0.040513,1.363387,True
48.70506009180755,-1.9065972242466558,0.5437109516222679,0.31979319406455486,0.36282471085564455,0.8,0.038052,1.336275,True
48.70506009180755,-1.9065972242466558,0.5437109516222679,0.31979319406455486,0.36282471085564455,0.85,0.039038,1.395554,True
48.70506009180755,-1.9065972242466558,0.5437109516222679,0.31979319406455486,0.36282471085564455,0.825,0.037865,1.365418,True
48.328294070314634,1.2814975976324638,0.6828378777205992,0.35530626039093033,0.6008181690170371,0.8,0.046214,1.327732,True
49.4097719612897,-0.17917118426482892,0.30303539312611416,0.4644345295454994,0.3898345400001551,0.8,0.042912,1.334654,True
49.4097719612897,-0.17917118426482892,0.30303539312611416,0.4644345295454994,0.3898345400001551,0.825,0.043974,1.362769,True
48.328294070314634,1.2814975976324638,0.6828378777205992,0.35530626039093033,0.6008181690170371,0.825,0.051773,1.35249,True
48.328294070314634,1.2814975976324638,0.6828378777205992,0.35530626039093033,0.6008181690170371,0.85,0.071594,1.368029,True
49.4097719612897,-0.17917118426482892,0.30303539312611416,0.4644345295454994,0.3898345400001551,0.85,0.046236,1.391688,True
48.39513341669162,0.5101858601129097,0.6321243470900499,0.43485654389524786,0.4970530211978861,0.8,0.038402,1.331865,True
48.39513341669162,0.5101858601129097,0.6321243470900499,0.43485654389524786,0.4970530211978861,0.825,0.038248,1.360739,True
49.041737080758054,-1.1379232154367953,0.31371950182200276,0.45689192771292186,0.3957828485177291,0.8,0.042047,1.333844,True
48.39513341669162,0.5101858601129097,0.6321243470900499,0.43485654389524786,0.4970530211978861,0.85,0.039098,1.390859,True
49.927330243369084,0.01336862005314865,0.562958655195057,0.5191221770793899,0.6479567758402394,0.8,0.041677,1.342926,True
49.041737080758054,-1.1379232154367953,0.31371950182200276,0.45689192771292186,0.3957828485177291,0.825,0.042427,1.362423,True
49.927330243369084,0.01336862005314865,0.562958655195057,0.5191221770793899,0.6479567758402394,0.85,0.044975,1.401145,True
49.927330243369084,0.01336862005314865,0.562958655195057,0.5191221770793899,0.6479567758402394,0.825,0.042224,1.371896,True
49.041737080758054,-1.1379232154367953,0.31371950182200276,0.45689192771292186,0.3957828485177291,0.85,0.044251,1.391738,True
48.1932775990696,0.03437532432321966,0.5486811547306162,0.39054601077142626,0.46446270501616466,0.8,0.036943,1.332055,True
48.968922590540444,-0.6583202369027521,0.4855395720182102,0.4379251748876476,0.422890295061217,0.8,0.040601,1.334579,True
48.1932775990696,0.03437532432321966,0.5486811547306162,0.39054601077142626,0.46446270501616466,0.85,0.037944,1.390857,True
48.968922590540444,-0.6583202369027521,0.4855395720182102,0.4379251748876476,0.422890295061217,0.825,0.039464,1.364312,True
49.05629077716137,0.783404205137352,0.34838349705587135,0.6373657222143545,0.4160942012098605,0.8,0.051057,1.317462,True
49.05629077716137,0.783404205137352,0.34838349705587135,0.6373657222143545,0.4160942012098605,0.825,0.053791,1.342664,True
48.968922590540444,-0.6583202369027521,0.4855395720182102,0.4379251748876476,0.422890295061217,0.85,0.039235,1.395328,True
49.05629077716137,0.783404205137352,0.34838349705587135,0.6373657222143545,0.4160942012098605,0.85,0.057303,1.368424,True
49.837090821618595,1.1896988574153657,0.3594880698188648,0.5801279128599021,0.35767078436483596,0.8,0.058565,1.318087,True
49.837090821618595,1.1896988574153657,0.3594880698188648,0.5801279128599021,0.35767078436483596,0.825,0.062268,1.342437,True
49.837090821618595,1.1896988574153657,0.3594880698188648,0.5801279128599021,0.35767078436483596,0.85,0.067056,1.367074,True
49.919550893806075,1.6512980587999393,0.3680152488718883,0.34621664546749015,0.5225027839610861,0.8,0.036702,1.345216,True
49.919550893806075,1.6512980587999393,0.3680152488718883,0.34621664546749015,0.5225027839610861,0.825,0.038453,1.373548,True
48.821092075091215,1.8021310672060427,0.5009622832792271,0.48736814189633837,0.306455975135778,0.8,0.064295,1.308745,True
48.821092075091215,1.8021310672060427,0.5009622832792271,0.48736814189633837,0.306455975135778,0.825,0.067797,1.332979,True
49.919550893806075,1.6512980587999393,0.3680152488718883,0.34621664546749015,0.5225027839610861,0.85,0.046163,1.399354,True
48.821092075091215,1.8021310672060427,0.5009622832792271,0.48736814189633837,0.306455975135778,0.85,0.07048,1.358985,True
48.94338338736832,-1.7674731545774742,0.33981106666387695,0.4045064207773019,0.5634750789681542,0.8,0.034971,1.341243,True
48.24063186849466,-0.9248194115001136,0.397754484135177,0.5023377746557501,0.569693431366751,0.8,0.035844,1.334089,True
49.818207316918425,0.08801234416958303,0.33425087591832503,0.5556071306685708,0.3593793526541998,0.8,0.054862,1.324286,True
49.818207316918425,0.08801234416958303,0.33425087591832503,0.5556071306685708,0.3593793526541998,0.825,0.057727,1.349957,True
48.94338338736832,-1.7674731545774742,0.33981106666387695,0.4045064207773019,0.5634750789681542,0.825,0.035595,1.370219,True
49.818207316918425,0.08801234416958303,0.33425087591832503,0.5556071306685708,0.3593793526541998,0.85,0.061092,1.376459,True
49.39222595161759,1.5605634714787806,0.35299851762759527,0.4237122049948975,0.36197212742458357,0.825,0.045427,1.359616,True
49.39222595161759,1.5605634714787806,0.35299851762759527,0.4237122049948975,0.36197212742458357,0.8,0.045283,1.331114,True
49.39222595161759,1.5605634714787806,0.35299851762759527,0.4237122049948975,0.36197212742458357,0.85,0.045562,1.389976,True
49.00770343970001,0.2773635556442695,0.6406446826527743,0.5437563349907429,0.6269873401367587,0.8,0.039721,1.336327,True
49.00770343970001,0.2773635556442695,0.6406446826527743,0.5437563349907429,0.6269873401367587,0.825,0.039795,1.365251,True
49.96305737564357,1.7283776678155816,0.30760044869667985,0.37239175094763544,0.5185691857407684,0.8,0.034965,1.346344,True
49.00770343970001,0.2773635556442695,0.6406446826527743,0.5437563349907429,0.6269873401367587,0.85,0.041254,1.39509,True
48.85261015996085,-0.7426211550311463,0.4137524923926993,0.5721448748979869,0.47320484361235005,0.825,0.044012,1.357935,True
48.85261015996085,-0.7426211550311463,0.4137524923926993,0.5721448748979869,0.47320484361235005,0.8,0.045488,1.328394,True
48.85261015996085,-0.7426211550311463,0.4137524923926993,0.5721448748979869,0.47320484361235005,0.85,0.043343,1.388853,True
49.03699051308219,0.7302283190929693,0.47267427157447284,0.562088753485906,0.6734271075462359,0.825,0.037545,1.367536,True
49.96305737564357,1.7283776678155816,0.30760044869667985,0.37239175094763544,0.5185691857407684,0.85,0.03879,1.404692,True
48.20075191570688,-0.9604971898277253,0.42088960391534636,0.39473204977663784,0.3557882051924985,0.8,0.041923,1.327748,True
48.20075191570688,-0.9604971898277253,0.42088960391534636,0.39473204977663784,0.3557882051924985,0.825,0.039827,1.35782,True
48.20075191570688,-0.9604971898277253,0.42088960391534636,0.39473204977663784,0.3557882051924985,0.85,0.039195,1.388822,True
49.16859660402936,-1.668382286386326,0.4540675361757136,0.35880791489353125,0.33213395355679953,0.8,0.04162,1.336202,True
49.16859660402936,-1.668382286386326,0.4540675361757136,0.35880791489353125,0.33213395355679953,0.825,0.040393,1.366067,True
49.16859660402936,-1.668382286386326,0.4540675361757136,0.35880791489353125,0.33213395355679953,0.85,0.040091,1.39722,True
49.48195639084387,-0.6693476320311058,0.5124304731014956,0.399964326432046,0.6777817120064684,0.8,0.050045,1.336178,True
49.48195639084387,-0.6693476320311058,0.5124304731014956,0.399964326432046,0.6777817120064684,0.825,0.061208,1.357783,True
49.491705713851175,-0.15593634176650317,0.6535347185160671,0.6609384608188018,0.6847879683585999,0.8,0.041663,1.337919,True
49.491705713851175,-0.15593634176650317,0.6535347185160671,0.6609384608188018,0.6847879683585999,0.825,0.041582,1.367012,True
48.59132261046224,-0.3320621431467745,0.30917485686145263,0.6832516319131856,0.39314823582725295,0.8,0.054665,1.306985,True
49.491705713851175,-0.15593634176650317,0.6535347185160671,0.6609384608188018,0.6847879683585999,0.85,0.042058,1.397697,True
48.9834806897442,-0.2573498126350464,0.4510922062358474,0.6575043208740973,0.5555266752740049,0.8,0.044359,1.329031,True
48.9834806897442,-0.2573498126350464,0.4510922062358474,0.6575043208740973,0.5555266752740049,0.825,0.042279,1.359146,True
48.59132261046224,-0.3320621431467745,0.30917485686145263,0.6832516319131856,0.39314823582725295,0.825,0.059088,1.329754,True
48.9834806897442,-0.2573498126350464,0.4510922062358474,0.6575043208740973,0.5555266752740049,0.85,0.0417,1.390054,True
48.00253985719757,-0.23633137526847836,0.6077894438402918,0.4838668822860896,0.36881113267248705,0.8,0.049182,1.318114,True
48.00253985719757,-0.23633137526847836,0.6077894438402918,0.4838668822860896,0.36881113267248705,0.825,0.048232,1.346662,True
48.00253985719757,-0.23633137526847836,0.6077894438402918,0.4838668822860896,0.36881113267248705,0.85,0.048236,1.376402,True
49.37853826755807,-1.2964932838091268,0.42337933065215183,0.3057122561340577,0.5021580590550251,0.8,0.041854,1.340079,True
49.37853826755807,-1.2964932838091268,0.42337933065215183,0.3057122561340577,0.5021580590550251,0.825,0.048545,1.364912,True
49.20834468277265,0.4943055983532414,0.3436927732096159,0.5657690198726693,0.3799577039673271,0.8,0.051979,1.321368,True
49.20834468277265,0.4943055983532414,0.3436927732096159,0.5657690198726693,0.3799577039673271,0.825,0.054632,1.347043,True
49.37853826755807,-1.2964932838091268,0.42337933065215183,0.3057122561340577,0.5021580590550251,0.85,0.098753,1.360635,True
49.20834468277265,0.4943055983532414,0.3436927732096159,0.5657690198726693,0.3799577039673271,0.85,0.057852,1.373628,True
49.72944604590836,-1.5434928294187171,0.5678932361347455,0.694817712367778,0.534638570946401,0.8,0.04726,1.331704,True
49.72944604590836,-1.5434928294187171,0.5678932361347455,0.694817712367778,0.534638570946401,0.825,0.045929,1.361305,True
49.47606369543168,-0.6063598219390411,0.4169909475259555,0.5682499901155308,0.5102977367463555,0.8,0.043634,1.335375,True
49.72944604590836,-1.5434928294187171,0.5678932361347455,0.694817712367778,0.534638570946401,0.85,0.045532,1.392096,True
49.47606369543168,-0.6063598219390411,0.4169909475259555,0.5682499901155308,0.5102977367463555,0.825,0.041155,1.366084,True
49.47606369543168,-0.6063598219390411,0.4169909475259555,0.5682499901155308,0.5102977367463555,0.85,0.040481,1.397468,True
48.28956524937987,-0.1036299681919306,0.6395265102577912,0.5355012248483355,0.44485753469651446,0.8,0.044938,1.323545,True
48.52583737574297,-1.200985082398552,0.3372527717230808,0.6349524941025647,0.5757966561941925,0.8,0.040035,1.331119,True
48.52583737574297,-1.200985082398552,0.3372527717230808,0.6349524941025647,0.5757966561941925,0.825,0.039613,1.360176,True
48.28956524937987,-0.1036299681919306,0.6395265102577912,0.5355012248483355,0.44485753469651446,0.825,0.044444,1.352153,True
48.52583737574297,-1.200985082398552,0.3372527717230808,0.6349524941025647,0.5757966561941925,0.85,0.040124,1.390464,True
49.53166541446211,-1.401039237329302,0.6181503162619639,0.5078017737168402,0.5363128500968044,0.8,0.040968,1.339875,True
49.53166541446211,-1.401039237329302,0.6181503162619639,0.5078017737168402,0.5363128500968044,0.825,0.041002,1.369035,True
48.48097346856073,1.200408586388268,0.5403959482394528,0.33244104491845733,0.3847150334480089,0.8,0.037221,1.332501,True
48.48097346856073,1.200408586388268,0.5403959482394528,0.33244104491845733,0.3847150334480089,0.825,0.036635,1.361735,True
48.43221003645422,1.4573089558317371,0.5889278639281047,0.6969715542596191,0.6322848557117549,0.8,0.041695,1.325293,True
48.43221003645422,1.4573089558317371,0.5889278639281047,0.6969715542596191,0.6322848557117549,0.825,0.040995,1.354199,True
48.43221003645422,1.4573089558317371,0.5889278639281047,0.6969715542596191,0.6322848557117549,0.85,0.04075,1.384588,True
49.85522122725976,-1.1883377873718977,0.4255348601189422,0.6132649763797697,0.5412672151003475,0.8,0.044278,1.337972,True
48.93537200634407,0.8322982100779925,0.6647208734575257,0.3154670733649983,0.4277204631780921,0.8,0.040317,1.33493,True
48.93537200634407,0.8322982100779925,0.6647208734575257,0.3154670733649983,0.4277204631780921,0.825,0.041201,1.363345,True
48.93537200634407,0.8322982100779925,0.6647208734575257,0.3154670733649983,0.4277204631780921,0.85,0.045061,1.391389,True
49.85522122725976,-1.1883377873718977,0.4255348601189422,0.6132649763797697,0.5412672151003475,0.825,0.0419,1.3687,True
49.896725044355875,0.6724107184054615,0.5146285133090881,0.4614062470508574,0.5001022841465693,0.8,0.040134,1.341518,True
49.85522122725976,-1.1883377873718977,0.4255348601189422,0.6132649763797697,0.5412672151003475,0.85,0.041229,1.400211,True
49.896725044355875,0.6724107184054615,0.5146285133090881,0.4614062470508574,0.5001022841465693,0.85,0.04024,1.401864,True
48.250836519804615,1.010381791433998,0.6753432775899906,0.43892913042034,0.6143028790224527,0.8,0.040034,1.330782,True
48.250836519804615,1.010381791433998,0.6753432775899906,0.43892913042034,0.6143028790224527,0.825,0.041194,1.358774,True
48.8434741265944,-0.19608783655894135,0.5449345554478685,0.41473416474146474,0.5734236887716351,0.8,0.039092,1.336858,True
48.8434741265944,-0.19608783655894135,0.5449345554478685,0.41473416474146474,0.5734236887716351,0.825,0.040107,1.365287,True
48.8434741265944,-0.19608783655894135,0.5449345554478685,0.41473416474146474,0.5734236887716351,0.85,0.044488,1.393086,True
49.93385620259458,-0.9819019149645987,0.5845485687434571,0.6598310135623529,0.5261281203545987,0.8,0.046768,1.33417,True
49.882651068376894,-1.5040480918625143,0.670610403742363,0.5382785618633482,0.629735794325397,0.8,0.042506,1.342496,True
49.882651068376894,-1.5040480918625143,0.670610403742363,0.5382785618633482,0.629735794325397,0.825,0.043091,1.371428,True
49.93385620259458,-0.9819019149645987,0.5845485687434571,0.6598310135623529,0.5261281203545987,0.825,0.045794,1.363646,True
49.93385620259458,-0.9819019149645987,0.5845485687434571,0.6598310135623529,0.5261281203545987,0.85,0.045679,1.394325,True
49.46862592069962,-0.8991776049181817,0.6423982316478297,0.44881263599106724,0.4504347517907409,0.8,0.041727,1.337846,True
49.46862592069962,-0.8991776049181817,0.6423982316478297,0.44881263599106724,0.4504347517907409,0.825,0.041022,1.367457,True
49.46862592069962,-0.8991776049181817,0.6423982316478297,0.44881263599106724,0.4504347517907409,0.85,0.04162,1.398023,True
48.95204885161017,-0.9589205412563466,0.6914932332923216,0.40881984820928335,0.37580990160487115,0.8,0.04293,1.33234,True
48.95204885161017,-0.9589205412563466,0.6914932332923216,0.40881984820928335,0.37580990160487115,0.825,0.042157,1.361666,True
48.95204885161017,-0.9589205412563466,0.6914932332923216,0.40881984820928335,0.37580990160487115,0.85,0.042149,1.392405,True
49.64383834299976,1.1365741739181443,0.4608700987770551,0.3828551389719323,0.6390680296940375,0.8,0.044406,1.339596,True
48.45477368224487,-0.39527846780013154,0.45640151056697587,0.6710156935688492,0.5668008131169547,0.8,0.043473,1.325622,True
48.45477368224487,-0.39527846780013154,0.45640151056697587,0.6710156935688492,0.5668008131169547,0.825,0.041652,1.355402,True
48.45477368224487,-0.39527846780013154,0.45640151056697587,0.6710156935688492,0.5668008131169547,0.85,0.041165,1.386053,True
48.970687637643096,-0.4823946717700225,0.6217657928681997,0.5018245819761784,0.38668427342991896,0.8,0.049239,1.3258,True
48.970687637643096,-0.4823946717700225,0.6217657928681997,0.5018245819761784,0.38668427342991896,0.825,0.048341,1.354733,True
48.970687637643096,-0.4823946717700225,0.6217657928681997,0.5018245819761784,0.38668427342991896,0.85,0.048331,1.384865,True
49.875813916992094,-0.5954864283228369,0.6466575371733828,0.4993327244833435,0.5902032669052768,0.8,0.041628,1.342334,True
49.875813916992094,-0.5954864283228369,0.6466575371733828,0.4993327244833435,0.5902032669052768,0.825,0.042097,1.371313,True
49.875813916992094,-0.5954864283228369,0.6466575371733828,0.4993327244833435,0.5902032669052768,0.85,0.044363,1.400902,True
48.15237467852929,-1.7454106988182034,0.37527161596445585,0.3013711200395915,0.63568477670275,0.825,0.148764,1.29039,True
48.15237467852929,-1.7454106988182034,0.37527161596445585,0.3013711200395915,0.63568477670275,0.8,0.106007,1.292806,True
49.86852216627458,1.421277450732485,0.4371241919256025,0.3372333603544452,0.48854062858264524,0.8,0.038053,1.343775,True
49.50447006934747,-1.8787227997367693,0.5964393970121812,0.5830412608717509,0.6932472810530383,0.8,0.041504,1.341029,True
49.86852216627458,1.421277450732485,0.4371241919256025,0.3372333603544452,0.48854062858264524,0.85,0.04449,1.399953,True
49.50447006934747,-1.8787227997367693,0.5964393970121812,0.5830412608717509,0.6932472810530383,0.825,0.04201,1.369965,True
49.50447006934747,-1.8787227997367693,0.5964393970121812,0.5830412608717509,0.6932472810530383,0.85,0.044406,1.399438,True
49.52013368455076,-0.6343552047200729,0.6980976106799923,0.3817630428455659,0.5962989326416184,0.8,0.048943,1.336235,True
49.52013368455076,-0.6343552047200729,0.6980976106799923,0.3817630428455659,0.5962989326416184,0.825,0.055507,1.360774,True
49.42362926116009,-1.7824384335667023,0.6228234840000615,0.48462780726978905,0.3519753946282228,0.8,0.05281,1.328159,True
49.42362926116009,-1.7824384335667023,0.6228234840000615,0.48462780726978905,0.3519753946282228,0.825,0.051377,1.35752,True
49.52013368455076,-0.6343552047200729,0.6980976106799923,0.3817630428455659,0.5962989326416184,0.85,0.079127,1.37433,True
49.42362926116009,-1.7824384335667023,0.6228234840000615,0.48462780726978905,0.3519753946282228,0.85,0.051379,1.387782,True
48.665456820381586,1.4834920097760738,0.4054092819493118,0.621082903836403,0.3191153717458642,0.8,0.073924,1.289378,True
48.29698072608557,-0.738368837910311,0.4924374119291369,0.6157788231780077,0.5240059306843248,0.8,0.0435,1.325459,True
48.29698072608557,-0.738368837910311,0.4924374119291369,0.6157788231780077,0.5240059306843248,0.825,0.0421,1.354879,True
48.29698072608557,-0.738368837910311,0.4924374119291369,0.6157788231780077,0.5240059306843248,0.85,0.041626,1.385522,True
48.631207999756924,0.114321831242719,0.6243262068406781,0.4037871609362572,0.6180017905390516,0.8,0.042709,1.333145,True
48.631207999756924,0.114321831242719,0.6243262068406781,0.4037871609362572,0.6180017905390516,0.825,0.045657,1.360049,True
48.631207999756924,0.114321831242719,0.6243262068406781,0.4037871609362572,0.6180017905390516,0.85,0.054442,1.384284,True
48.063343152638936,-0.553002500311176,0.6618191185460317,0.3522059332022067,0.499942000993591,0.8,0.04038,1.329949,True
48.063343152638936,-0.553002500311176,0.6618191185460317,0.3522059332022067,0.499942000993591,0.825,0.041863,1.35771,True
48.10759171941959,-1.7028604375033327,0.5764464641186156,0.4676035915455742,0.5521787235457383,0.8,0.037856,1.332318,True
48.54343730960672,1.779276745790106,0.34598914033174255,0.38589668416597117,0.4947881496447045,0.8,0.03394,1.335799,True
49.60198518189141,1.1552289435874523,0.6083011823141538,0.6738855361196934,0.6443980722927166,0.8,0.042612,1.335204,True
49.60198518189141,1.1552289435874523,0.6083011823141538,0.6738855361196934,0.6443980722927166,0.825,0.041713,1.364776,True
49.60198518189141,1.1552289435874523,0.6083011823141538,0.6738855361196934,0.6443980722927166,0.85,0.041831,1.395453,True
48.040722045698274,-1.4354421679820875,0.5186037584320426,0.5963240395626892,0.42991969740090585,0.8,0.050817,1.316822,True
48.040722045698274,-1.4354421679820875,0.5186037584320426,0.5963240395626892,0.42991969740090585,0.825,0.050249,1.344959,True
48.040722045698274,-1.4354421679820875,0.5186037584320426,0.5963240395626892,0.42991969740090585,0.85,0.050358,1.374388,True
49.71798217889281,-0.7024984735861128,0.32099093801961404,0.6185096237433423,0.3427399763108472,0.8,0.062151,1.313256,True
49.74148868900238,-0.8231042598488219,0.6105307578161296,0.6896139170182621,0.4674584824973643,0.8,0.053185,1.323327,True
49.71798217889281,-0.7024984735861128,0.32099093801961404,0.6185096237433423,0.3427399763108472,0.825,0.067267,1.335734,True
49.74148868900238,-0.8231042598488219,0.6105307578161296,0.6896139170182621,0.4674584824973643,0.825,0.05195,1.352278,True
49.74148868900238,-0.8231042598488219,0.6105307578161296,0.6896139170182621,0.4674584824973643,0.85,0.051978,1.382023,True
48.402900953027185,0.32039590430202614,0.3247769127880458,0.3758909993700174,0.4907673820601449,0.8,0.033363,1.336454,True
48.6995764944842,-0.2976829142273363,0.6485808434297987,0.571653744307155,0.6418165579883515,0.8,0.039812,1.334206,True
48.6995764944842,-0.2976829142273363,0.6485808434297987,0.571653744307155,0.6418165579883515,0.825,0.039543,1.363305,True
48.6995764944842,-0.2976829142273363,0.6485808434297987,0.571653744307155,0.6418165579883515,0.85,0.040786,1.393209,True
48.3381646677112,0.7603994564089165,0.659082878715083,0.6164318381033171,0.5447271833157844,0.8,0.042843,1.324512,True
48.88427586850042,1.537097394906699,0.3601079510928838,0.6273973147349705,0.4368439655683849,0.8,0.048626,1.318562,True
48.88427586850042,1.537097394906699,0.3601079510928838,0.6273973147349705,0.4368439655683849,0.825,0.051057,1.344218,True
48.88427586850042,1.537097394906699,0.3601079510928838,0.6273973147349705,0.4368439655683849,0.85,0.053863,1.370949,True
48.3381646677112,0.7603994564089165,0.659082878715083,0.6164318381033171,0.5447271833157844,0.85,0.042119,1.383528,True
48.26300224055411,-1.0929846631049063,0.5321188111806089,0.4437031220201599,0.5309832945231061,0.8,0.037085,1.333647,True
48.26300224055411,-1.0929846631049063,0.5321188111806089,0.4437031220201599,0.5309832945231061,0.825,0.036987,1.362629,True
49.21595965609259,1.8705166254103478,0.6557615649476044,0.5877318107802545,0.38344384890843747,0.8,0.058598,1.312762,True
49.21595965609259,1.8705166254103478,0.6557615649476044,0.5877318107802545,0.38344384890843747,0.825,0.058464,1.340168,True
49.21595965609259,1.8705166254103478,0.6557615649476044,0.5877318107802545,0.38344384890843747,0.85,0.059328,1.368409,True
48.99695295396239,1.6714419357263726,0.5247780249059267,0.5227307417651634,0.6831763782068289,0.8,0.038679,1.337097,True
48.865912168905716,-0.2643525705339391,0.41882338750318193,0.6073659181773655,0.36792788033144525,0.8,0.059303,1.311471,True
48.99695295396239,1.6714419357263726,0.5247780249059267,0.5227307417651634,0.6831763782068289,0.825,0.038745,1.366139,True
48.31581599955843,-0.0894826535018034,0.38954881426359156,0.47485508413375577,0.34086845619913614,0.8,0.051127,1.318818,True
48.99695295396239,1.6714419357263726,0.5247780249059267,0.5227307417651634,0.6831763782068289,0.85,0.041119,1.395379,True
48.865912168905716,-0.2643525705339391,0.41882338750318193,0.6073659181773655,0.36792788033144525,0.825,0.062851,1.335623,True
48.865912168905716,-0.2643525705339391,0.41882338750318193,0.6073659181773655,0.36792788033144525,0.85,0.067872,1.359702,True
48.31581599955843,-0.0894826535018034,0.38954881426359156,0.47485508413375577,0.34086845619913614,0.825,0.053521,1.344823,True
48.31581599955843,-0.0894826535018034,0.38954881426359156,0.47485508413375577,0.34086845619913614,0.85,0.055271,1.37287,True
48.232979978188894,-1.8129589696440243,0.3866951338869579,0.3573675716963519,0.594425135556028,0.8,0.038898,1.333817,True
48.232979978188894,-1.8129589696440243,0.3866951338869579,0.3573675716963519,0.594425135556028,0.825,0.044363,1.359177,True
48.232979978188894,-1.8129589696440243,0.3866951338869579,0.3573675716963519,0.594425135556028,0.85,0.082438,1.363026,True
49.67450855616401,1.1113716360964019,0.49074797503811785,0.5752786853310995,0.6889745215107864,0.825,0.039493,1.370841,True
49.67450855616401,1.1113716360964019,0.49074797503811785,0.5752786853310995,0.6889745215107864,0.8,0.039878,1.341297,True
49.45263294311518,-1.8977280577344742,0.6921578856054096,0.38699273414963375,0.3229594497705188,0.8,0.046003,1.334448,True
49.45263294311518,-1.8977280577344742,0.6921578856054096,0.38699273414963375,0.3229594497705188,0.825,0.045155,1.363906,True
49.54200129589236,-1.266289013834884,0.3903252352753098,0.5150117167069651,0.40376828655132946,0.8,0.049148,1.331731,True
49.45263294311518,-1.8977280577344742,0.6921578856054096,0.38699273414963375,0.3229594497705188,0.85,0.04488,1.394922,True
49.54200129589236,-1.266289013834884,0.3903252352753098,0.5150117167069651,0.40376828655132946,0.825,0.048541,1.360741,True
49.54200129589236,-1.266289013834884,0.3903252352753098,0.5150117167069651,0.40376828655132946,0.85,0.047711,1.391793,True
49.12927940852927,1.1631601357792105,0.39588886416618624,0.42543877712773265,0.5573317399189969,0.85,0.037237,1.39931,True
49.25827005554808,-1.9262778673960397,0.4445146148665498,0.5919706343128799,0.5063456531509586,0.8,0.044402,1.333853,True
49.12927940852927,1.1631601357792105,0.39588886416618624,0.42543877712773265,0.5573317399189969,0.825,0.0351,1.369677,True
49.25827005554808,-1.9262778673960397,0.4445146148665498,0.5919706343128799,0.5063456531509586,0.825,0.042322,1.364159,True
49.771434519764256,0.23255476853616885,0.5836927742018787,0.6847983191841098,0.48776065488827014,0.8,0.0516,1.324404,True
49.25827005554808,-1.9262778673960397,0.4445146148665498,0.5919706343128799,0.5063456531509586,0.85,0.04173,1.395381,True
49.12927940852927,1.1631601357792105,0.39588886416618624,0.42543877712773265,0.5573317399189969,0.8,0.035561,1.340101,True
49.771434519764256,0.23255476853616885,0.5836927742018787,0.6847983191841098,0.48776065488827014,0.825,0.050085,1.353689,True
49.771434519764256,0.23255476853616885,0.5836927742018787,0.6847983191841098,0.48776065488827014,0.85,0.049963,1.38369,True
48.756350806389214,-0.01916858361801954,0.4700090710548327,0.4304557902172908,0.6633780769801585,0.8,0.040158,1.336228,True
48.756350806389214,-0.01916858361801954,0.4700090710548327,0.4304557902172908,0.6633780769801585,0.825,0.042551,1.363689,True
48.756350806389214,-0.01916858361801954,0.4700090710548327,0.4304557902172908,0.6633780769801585,0.85,0.05083,1.388628,True
48.42312334950834,0.42589187269032003,0.3412243166096727,0.4447182227308277,0.6179785447100486,0.8,0.034077,1.336825,True
48.42312334950834,0.42589187269032003,0.3412243166096727,0.4447182227308277,0.6179785447100486,0.825,0.03362,1.366287,True
48.56790942341398,-1.170501766059345,0.40967249739148337,0.5936681862642469,0.6963273914188994,0.8,0.036771,1.33672,True
48.56790942341398,-1.170501766059345,0.40967249739148337,0.5936681862642469,0.6963273914188994,0.825,0.036024,1.366324,True
48.56790942341398,-1.170501766059345,0.40967249739148337,0.5936681862642469,0.6963273914188994,0.85,0.037102,1.396599,True
48.890108669973166,1.328880611439431,0.6443218605382366,0.30601935667134744,0.5397168082228624,0.85,0.106012,1.347959,True
48.55551754386746,0.912148545683162,0.4678399014327076,0.3244893396544105,0.47913244194535476,0.8,0.036733,1.335174,True
48.890108669973166,1.328880611439431,0.6443218605382366,0.30601935667134744,0.5397168082228624,0.8,0.04898,1.330115,True
48.890108669973166,1.328880611439431,0.6443218605382366,0.30601935667134744,0.5397168082228624,0.825,0.059837,1.351314,True
49.305306730658096,0.216986540523735,0.44763814669553825,0.6441857927556875,0.6679107018220514,0.8,0.039909,1.337684,True
49.305306730658096,0.216986540523735,0.44763814669553825,0.6441857927556875,0.6679107018220514,0.825,0.038679,1.367644,True
48.447671477150564,1.5141588133937098,0.6670196049151969,0.37682710965397037,0.32901342004829864,0.8,0.0435,1.32473,True
49.305306730658096,0.216986540523735,0.44763814669553825,0.6441857927556875,0.6679107018220514,0.85,0.038787,1.398574,True
48.447671477150564,1.5141588133937098,0.6670196049151969,0.37682710965397037,0.32901342004829864,0.825,0.042814,1.35358,True
49.63915884665443,-1.1448733490811143,0.5083128232304749,0.38872482259904306,0.31070170189973145,0.8,0.049829,1.332851,True
49.63915884665443,-1.1448733490811143,0.5083128232304749,0.38872482259904306,0.31070170189973145,0.825,0.047336,1.363256,True
48.80329796744649,1.6247419396192093,0.31788378303655707,0.5612667832301348,0.3309209451294766,0.8,0.060572,1.306966,True
49.63915884665443,-1.1448733490811143,0.5083128232304749,0.38872482259904306,0.31070170189973145,0.85,0.047212,1.393997,True
48.80329796744649,1.6247419396192093,0.31788378303655707,0.5612667832301348,0.3309209451294766,0.825,0.065679,1.329562,True
49.17661543516703,1.5431104225342565,0.6310348549828254,0.3124627448210812,0.6222959689662376,0.8,0.082068,1.312379,True
49.17661543516703,1.5431104225342565,0.6310348549828254,0.3124627448210812,0.6222959689662376,0.825,0.13233,1.306506,True
49.17661543516703,1.5431104225342565,0.6310348549828254,0.3124627448210812,0.6222959689662376,0.85,0.159735,1.313428,True
48.384952085170966,0.401808955122573,0.560825752118926,0.34829945140233254,0.5213188184088169,0.8,0.039484,1.332671,True
48.384952085170966,0.401808955122573,0.560825752118926,0.34829945140233254,0.5213188184088169,0.825,0.041249,1.360389,True
48.384952085170966,0.401808955122573,0.560825752118926,0.34829945140233254,0.5213188184088169,0.85,0.047307,1.386699,True
49.015011830414686,0.18937177917990855,0.5397900405682078,0.6032028949865968,0.4821653246548966,0.8,0.047317,1.326076,True
49.015011830414686,0.18937177917990855,0.5397900405682078,0.6032028949865968,0.4821653246548966,0.825,0.045696,1.355611,True
49.015011830414686,0.18937177917990855,0.5397900405682078,0.6032028949865968,0.4821653246548966,0.85,0.045485,1.38596,True
48.21369167759635,0.9964498683512608,0.6373222887287807,0.6936167939806746,0.30195035373640283,0.8,0.090915,1.266655,True
48.13072539541496,1.8910358534348628,0.47738492985515835,0.30880304561688454,0.35398537108741396,0.8,0.036306,1.329636,True
48.13072539541496,1.8910358534348628,0.47738492985515835,0.30880304561688454,0.35398537108741396,0.85,0.035403,1.389559,True
48.01721977893399,0.06593933068602231,0.6787324604538614,0.4260363881049149,0.5507592845806839,0.8,0.038842,1.329924,True
48.14522494126372,1.98477134873632,0.31019334425607187,0.49255860810656327,0.4100735775529012,0.8,0.04078,1.323231,True
48.01721977893399,0.06593933068602231,0.6787324604538614,0.4260363881049149,0.5507592845806839,0.825,0.039383,1.358289,True
48.13072539541496,1.8910358534348628,0.47738492985515835,0.30880304561688454,0.35398537108741396,0.825,0.035277,1.359059,True
48.14522494126372,1.98477134873632,0.31019334425607187,0.49255860810656327,0.4100735775529012,0.825,0.04247,1.350099,True
48.14522494126372,1.98477134873632,0.31019334425607187,0.49255860810656327,0.4100735775529012,0.85,0.0449,1.378033,True
48.41217994829262,1.2626639712347618,0.5657717918576326,0.5265351729940124,0.6311198226009452,0.8,0.037845,1.332621,True
48.41217994829262,1.2626639712347618,0.5657717918576326,0.5265351729940124,0.6311198226009452,0.825,0.037557,1.361656,True
48.41217994829262,1.2626639712347618,0.5657717918576326,0.5265351729940124,0.6311198226009452,0.85,0.038783,1.391497,True
48.46446896197589,0.8469179518103527,0.5460603697665888,0.5400308438371367,0.3274235435090242,0.8,0.065288,1.304835,True
48.46446896197589,0.8469179518103527,0.5460603697665888,0.5400308438371367,0.3274235435090242,0.825,0.068307,1.329077,True
48.46446896197589,0.8469179518103527,0.5460603697665888,0.5400308438371367,0.3274235435090242,0.85,0.07067,1.355119,True
48.18266246502562,1.7050003292412947,0.5513070142773739,0.3457522604502715,0.6819181060794286,0.8,0.053525,1.322804,True
48.18266246502562,1.7050003292412947,0.5513070142773739,0.3457522604502715,0.6819181060794286,0.825,0.097565,1.321759,True
48.18266246502562,1.7050003292412947,0.5513070142773739,0.3457522604502715,0.6819181060794286,0.85,0.139879,1.319348,True
48.51222656872471,-1.469793994836338,0.36402891966101014,0.3430700530876127,0.5800441660418523,0.8,0.038931,1.335776,True
48.51222656872471,-1.469793994836338,0.36402891966101014,0.3430700530876127,0.5800441660418523,0.825,0.045884,1.360245,True
48.67588423997806,-1.0358736430111994,0.4818303614553763,0.5248890765797244,0.31239588042602856,0.8,0.066179,1.309491,True
48.67588423997806,-1.0358736430111994,0.4818303614553763,0.5248890765797244,0.31239588042602856,0.825,0.069851,1.333692,True
48.67588423997806,-1.0358736430111994,0.4818303614553763,0.5248890765797244,0.31239588042602856,0.85,0.073422,1.359012,True
49.348907177088854,-1.0735061125733498,0.3565734836073766,0.5584525586344968,0.3362690869038887,0.8,0.059848,1.317731,True
49.348907177088854,-1.0735061125733498,0.3565734836073766,0.5584525586344968,0.3362690869038887,0.825,0.063638,1.342169,True
48.7607529833278,0.9635483381876515,0.39992605854559765,0.32925459531738654,0.4639026030553723,0.825,0.034785,1.366959,True
48.7607529833278,0.9635483381876515,0.39992605854559765,0.32925459531738654,0.4639026030553723,0.8,0.034683,1.337862,True
49.348907177088854,-1.0735061125733498,0.3565734836073766,0.5584525586344968,0.3362690869038887,0.85,0.068889,1.366484,True
49.982605685315235,0.8639825681578674,0.46590207258035343,0.5455309296991173,0.6987562044532495,0.8,0.0408,1.343824,True
49.101418746953755,0.1399099975012068,0.4489707413157673,0.5946454252012712,0.6039407854217427,0.825,0.038412,1.36592,True
49.101418746953755,0.1399099975012068,0.4489707413157673,0.5946454252012712,0.6039407854217427,0.8,0.039604,1.336066,True
49.982605685315235,0.8639825681578674,0.46590207258035343,0.5455309296991173,0.6987562044532495,0.85,0.044031,1.402227,True
48.905986444424464,0.6020873023723259,0.3766567743822883,0.3395246832732788,0.33829443774073614,0.8,0.039293,1.333997,True
48.905986444424464,0.6020873023723259,0.3766567743822883,0.3395246832732788,0.33829443774073614,0.825,0.037183,1.364518,True
49.026519685765905,-1.8570668934228811,0.4414021126977622,0.47081935949823367,0.3812061198645043,0.8,0.048114,1.3298,True
48.905986444424464,0.6020873023723259,0.3766567743822883,0.3395246832732788,0.33829443774073614,0.85,0.036554,1.395839,True
49.026519685765905,-1.8570668934228811,0.4414021126977622,0.47081935949823367,0.3812061198645043,0.825,0.045411,1.36024,True
49.026519685765905,-1.8570668934228811,0.4414021126977622,0.47081935949823367,0.3812061198645043,0.85,0.044856,1.391173,True
49.99725174949245,-0.5377311512434375,0.559624812636121,0.31183037681752845,0.3493161461229087,0.8,0.040435,1.343031,True
49.99725174949245,-0.5377311512434375,0.559624812636121,0.31183037681752845,0.3493161461229087,0.825,0.040085,1.372643,True
49.95282360852359,-1.3961486321195256,0.4140025132598665,0.5054072758859776,0.6071841160977374,0.8,0.038673,1.345861,True
49.9486317872197,-1.4514974385924606,0.6160048399254742,0.5165982379797587,0.4428095743191732,0.8,0.046014,1.337631,True
49.95282360852359,-1.3961486321195256,0.4140025132598665,0.5054072758859776,0.6071841160977374,0.85,0.041273,1.404973,True
49.9486317872197,-1.4514974385924606,0.6160048399254742,0.5165982379797587,0.4428095743191732,0.825,0.04517,1.367229,True
49.95282360852359,-1.3961486321195256,0.4140025132598665,0.5054072758859776,0.6071841160977374,0.825,0.038507,1.375489,True
49.27607630907078,0.8016940247942888,0.3290061668077393,0.47373126617337386,0.6252692430736018,0.8,0.035639,1.341832,True
49.27607630907078,0.8016940247942888,0.3290061668077393,0.47373126617337386,0.6252692430736018,0.825,0.034837,1.371764,True
49.78932833331152,1.3559604192462245,0.33196466243800016,0.6510934401669997,0.6867309194700963,0.8,0.041146,1.33974,True
49.9486317872197,-1.4514974385924606,0.6160048399254742,0.5165982379797587,0.4428095743191732,0.85,0.044587,1.398637,True
49.78932833331152,1.3559604192462245,0.33196466243800016,0.6510934401669997,0.6867309194700963,0.825,0.03821,1.371035,True
49.18656707537621,-0.8484076354301056,0.35408158145431085,0.45449607375685014,0.4349182867261101,0.8,0.041197,1.336037,True
49.78932833331152,1.3559604192462245,0.33196466243800016,0.6510934401669997,0.6867309194700963,0.85,0.038447,1.402112,True
49.18656707537621,-0.8484076354301056,0.35408158145431085,0.45449607375685014,0.4349182867261101,0.825,0.038569,1.366932,True
49.18656707537621,-0.8484076354301056,0.35408158145431085,0.45449607375685014,0.4349182867261101,0.85,0.038258,1.398195,True
49.28715459124888,-1.01793993597546,0.6515298057662386,0.47934931453896656,0.5601818703711541,0.8,0.040417,1.338932,True
49.28715459124888,-1.01793993597546,0.6515298057662386,0.47934931453896656,0.5601818703711541,0.825,0.040771,1.367824,True
49.41470457944715,-0.054846358988359656,0.37081851041167246,0.550693121581981,0.6514012334169703,0.8,0.037483,1.341784,True
49.41470457944715,-0.054846358988359656,0.37081851041167246,0.550693121581981,0.6514012334169703,0.825,0.036035,1.372159,True
49.337586279383736,-0.4664498469433733,0.5716891168718332,0.6002513712694184,0.3714335061334998,0.8,0.061757,1.314785,True
49.41470457944715,-0.054846358988359656,0.37081851041167246,0.550693121581981,0.6514012334169703,0.85,0.037574,1.40228,True
49.337586279383736,-0.4664498469433733,0.5716891168718332,0.6002513712694184,0.3714335061334998,0.825,0.062688,1.341294,True
49.337586279383736,-0.4664498469433733,0.5716891168718332,0.6002513712694184,0.3714335061334998,0.85,0.063137,1.369926,True
48.07438510605586,1.6841605114971725,0.5104323517812486,0.3231232274828316,0.40104748538282653,0.8,0.035872,1.330269,True
48.81005298251065,1.3665080504604195,0.6143707231137643,0.5521948920615616,0.3204248203275413,0.8,0.068743,1.302729,True
48.07438510605586,1.6841605114971725,0.5104323517812486,0.3231232274828316,0.40104748538282653,0.85,0.036465,1.389175,True
48.81005298251065,1.3665080504604195,0.6143707231137643,0.5521948920615616,0.3204248203275413,0.825,0.071226,1.327156,True
48.81005298251065,1.3665080504604195,0.6143707231137643,0.5521948920615616,0.3204248203275413,0.85,0.074214,1.352404,True
49.328148206550466,0.34875658532524856,0.42979621168537085,0.5986941557468719,0.3160893011436244,0.8,0.072926,1.30111,True
49.264872679357,-1.5886594498573552,0.46992831449716366,0.6300804509553415,0.3777939946317397,0.8,0.060174,1.31529,True
49.264872679357,-1.5886594498573552,0.46992831449716366,0.6300804509553415,0.3777939946317397,0.825,0.062971,1.340401,True
49.264872679357,-1.5886594498573552,0.46992831449716366,0.6300804509553415,0.3777939946317397,0.85,0.064848,1.367502,True
49.328148206550466,0.34875658532524856,0.42979621168537085,0.5986941557468719,0.3160893011436244,0.825,0.080106,1.321703,True
49.75958920906695,-1.5249213322300987,0.49786893913216324,0.39308976431517645,0.6109678243974858,0.8,0.045231,1.341216,True
49.90687430050971,-0.3610192096514977,0.4837767992635015,0.63923099124402,0.4138789430983469,0.8,0.056828,1.32199,True
49.75958920906695,-1.5249213322300987,0.49786893913216324,0.39308976431517645,0.6109678243974858,0.825,0.051096,1.366618,True
49.90687430050971,-0.3610192096514977,0.4837767992635015,0.63923099124402,0.4138789430983469,0.825,0.057839,1.348916,True
49.90687430050971,-0.3610192096514977,0.4837767992635015,0.63923099124402,0.4138789430983469,0.85,0.058025,1.378196,True
49.7930181027439,1.0558595891695042,0.4753958568624327,0.6752117484456438,0.5711667807338616,0.8,0.045535,1.332344,True
49.75958920906695,-1.5249213322300987,0.49786893913216324,0.39308976431517645,0.6109678243974858,0.85,0.07539,1.380531,True
49.7930181027439,1.0558595891695042,0.4753958568624327,0.6752117484456438,0.5711667807338616,0.825,0.043433,1.362611,True
49.7930181027439,1.0558595891695042,0.4753958568624327,0.6752117484456438,0.5711667807338616,0.85,0.042753,1.393754,True
48.62998339292325,-1.3622414074199738,0.5202744708725182,0.4179975338749762,0.45298366528837425,0.8,0.037968,1.335325,True
48.62998339292325,-1.3622414074199738,0.5202744708725182,0.4179975338749762,0.45298366528837425,0.825,0.037344,1.364718,True
48.60510497993493,0.753338116779787,0.4111373459597071,0.3684388377249468,0.5923175925875701,0.8,0.037659,1.335948,True
48.60510497993493,0.753338116779787,0.4111373459597071,0.3684388377249468,0.5923175925875701,0.825,0.040441,1.363137,True
48.097396514565844,-0.20644980881935449,0.3475150342939433,0.40704027319889785,0.39063348328468234,0.8,0.039165,1.328496,True
48.097396514565844,-0.20644980881935449,0.3475150342939433,0.40704027319889785,0.39063348328468234,0.825,0.037716,1.358258,True
48.60510497993493,0.753338116779787,0.4111373459597071,0.3684388377249468,0.5923175925875701,0.85,0.050077,1.387056,True
48.097396514565844,-0.20644980881935449,0.3475150342939433,0.40704027319889785,0.39063348328468234,0.85,0.037949,1.38868,True
48.497717471245366,-1.3266147148410974,0.43813923076482164,0.33590286142030606,0.5130784607895208,0.8,0.037771,1.335887,True
48.497717471245366,-1.3266147148410974,0.43813923076482164,0.33590286142030606,0.5130784607895208,0.825,0.040148,1.363397,True
48.497717471245366,-1.3266147148410974,0.43813923076482164,0.33590286142030606,0.5130784607895208,0.85,0.048824,1.388066,True
49.69288441958403,-0.8630090802311494,0.5299052519599889,0.4897235892567229,0.5821623536129386,0.825,0.040036,1.371752,True
49.69288441958403,-0.8630090802311494,0.5299052519599889,0.4897235892567229,0.5821623536129386,0.8,0.039796,1.3426,True
49.69288441958403,-0.8630090802311494,0.5299052519599889,0.4897235892567229,0.5821623536129386,0.85,0.042186,1.401445,True
48.16990740218179,0.2562335605037731,0.6139374329741967,0.41977874106487556,0.6547597014267433,0.8,0.042006,1.330214,True
48.16990740218179,0.2562335605037731,0.6139374329741967,0.41977874106487556,0.6547597014267433,0.825,0.045064,1.356886,True
48.53758361091261,-0.8113842410086136,0.33281960923446774,0.5663011293338205,0.42599051721417625,0.8,0.04489,1.3251,True
48.53758361091261,-0.8113842410086136,0.33281960923446774,0.5663011293338205,0.42599051721417625,0.825,0.046773,1.351878,True
48.53758361091261,-0.8113842410086136,0.33281960923446774,0.5663011293338205,0.42599051721417625,0.85,0.048819,1.380146,True
48.16990740218179,0.2562335605037731,0.6139374329741967,0.41977874106487556,0.6547597014267433,0.85,0.053311,1.381389,True
49.821466305406574,-0.35238238172853964,0.40167451302779006,0.5204541252237294,0.4202890169164188,0.8,0.048958,1.333149,True
49.821466305406574,-0.35238238172853964,0.40167451302779006,0.5204541252237294,0.4202890169164188,0.825,0.047484,1.362857,True
49.821466305406574,-0.35238238172853964,0.40167451302779006,0.5204541252237294,0.4202890169164188,0.85,0.046546,1.394128,True
48.22745736516246,1.3016241263819461,0.5990910851394027,0.6667931510913333,0.3720307009327647,0.8,0.065449,1.293656,True
48.726384639213606,0.1637368130835979,0.39336320176434303,0.5364015729555169,0.4467985321622747,0.8,0.045047,1.326965,True
48.726384639213606,0.1637368130835979,0.39336320176434303,0.5364015729555169,0.4467985321622747,0.825,0.044593,1.355685,True
48.22745736516246,1.3016241263819461,0.5990910851394027,0.6667931510913333,0.3720307009327647,0.825,0.069401,1.316036,True
48.726384639213606,0.1637368130835979,0.39336320176434303,0.5364015729555169,0.4467985321622747,0.85,0.043888,1.386502,True
49.707836443047746,-1.3082805218757847,0.38336472873127286,0.42184378321383925,0.48194033045980056,0.8,0.036964,1.34449,True
49.707836443047746,-1.3082805218757847,0.38336472873127286,0.42184378321383925,0.48194033045980056,0.825,0.035822,1.374763,True
49.15653521344593,-0.060380682956349796,0.5276690244848364,0.6085496333582983,0.5785838175286329,0.8,0.041578,1.334273,True
49.15653521344593,-0.060380682956349796,0.5276690244848364,0.6085496333582983,0.5785838175286329,0.825,0.040594,1.36386,True
49.582614196135424,1.4136569365774005,0.6282199610857646,0.468812338903943,0.4697479473165067,0.8,0.041758,1.336127,True
49.582614196135424,1.4136569365774005,0.6282199610857646,0.468812338903943,0.4697479473165067,0.825,0.04093,1.365694,True
49.582614196135424,1.4136569365774005,0.6282199610857646,0.468812338903943,0.4697479473165067,0.85,0.041248,1.396319,True
49.088562813385444,1.086138091461406,0.6016541121271158,0.6429854145968359,0.6700164510481426,0.8,0.040693,1.334376,True
49.088562813385444,1.086138091461406,0.6016541121271158,0.6429854145968359,0.6700164510481426,0.825,0.040023,1.363742,True
49.088562813385444,1.086138091461406,0.6016541121271158,0.6429854145968359,0.6700164510481426,0.85,0.040239,1.394417,True
48.039959923952665,1.979668403962049,0.326013830836139,0.5468307223317316,0.6697461800489629,0.8,0.034688,1.331847,True
49.55102697800246,0.6823923939974463,0.36692759917377726,0.36675641594027847,0.30545362561699824,0.8,0.047635,1.332039,True
48.039959923952665,1.979668403962049,0.326013830836139,0.5468307223317316,0.6697461800489629,0.825,0.033578,1.361534,True
49.55102697800246,0.6823923939974463,0.36692759917377726,0.36675641594027847,0.30545362561699824,0.825,0.047296,1.360904,True
49.55102697800246,0.6823923939974463,0.36692759917377726,0.36675641594027847,0.30545362561699824,0.85,0.046411,1.392081,True
48.77949480303628,-1.9518913521778174,0.48941048961359446,0.3026727579066793,0.5043275096463148,0.8,0.044218,1.334436,True
48.77949480303628,-1.9518913521778174,0.48941048961359446,0.3026727579066793,0.5043275096463148,0.825,0.052127,1.358118,True
48.79981839456086,1.7480857245062857,0.5695374389206262,0.43225222300419236,0.5154926709868763,0.8,0.037898,1.334493,True
48.743892298667646,1.5889291831982075,0.5232076669998814,0.42864475847280037,0.6905484607305691,0.8,0.041801,1.334194,True
48.79981839456086,1.7480857245062857,0.5695374389206262,0.43225222300419236,0.5154926709868763,0.825,0.037571,1.363641,True
48.1743306220468,1.784831555256305,0.504033165848014,0.6991614552241984,0.4089708338962289,0.8,0.058978,1.296262,True
48.743892298667646,1.5889291831982075,0.5232076669998814,0.42864475847280037,0.6905484607305691,0.825,0.045016,1.360952,True
48.1743306220468,1.784831555256305,0.504033165848014,0.6991614552241984,0.4089708338962289,0.825,0.063252,1.31847,True
49.24987530122059,-1.1159205711262075,0.672959539865908,0.37118407713927887,0.6438118560738212,0.825,0.097451,1.332044,True
49.24987530122059,-1.1159205711262075,0.672959539865908,0.37118407713927887,0.6438118560738212,0.85,0.142668,1.328625,True
49.24987530122059,-1.1159205711262075,0.672959539865908,0.37118407713927887,0.6438118560738212,0.8,0.05771,1.329571,True
49.51110343578325,-0.42790014480081107,0.35063483680358154,0.47770125168726363,0.5460769007409179,0.8,0.036813,1.342652,True
49.51110343578325,-0.42790014480081107,0.35063483680358154,0.47770125168726363,0.5460769007409179,0.825,0.035505,1.372956,True
48.08821558238178,0.5560091601420103,0.6762820342788846,0.5761748345117161,0.3995757051849534,0.8,0.053621,1.311291,True
48.08821558238178,0.5560091601420103,0.6762820342788846,0.5761748345117161,0.3995757051849534,0.825,0.052894,1.339261,True
48.08821558238178,0.5560091601420103,0.6762820342788846,0.5761748345117161,0.3995757051849534,0.85,0.053518,1.367876,True
49.51110343578325,-0.42790014480081107,0.35063483680358154,0.47770125168726363,0.5460769007409179,0.85,0.035483,1.404337,True
49.80530199111825,-1.5746698980912566,0.5902432685323784,0.4132418946099254,0.5869659610263012,0.8,0.044588,1.341552,True
49.5625828358948,-1.494622719533056,0.3784340797399478,0.6908601323627169,0.5657907698063904,0.8,0.044136,1.334165,True
49.5625828358948,-1.494622719533056,0.3784340797399478,0.6908601323627169,0.5657907698063904,0.825,0.043407,1.363493,True
49.80530199111825,-1.5746698980912566,0.5902432685323784,0.4132418946099254,0.5869659610263012,0.85,0.055394,1.394383,True
49.5625828358948,-1.494622719533056,0.3784340797399478,0.6908601323627169,0.5657907698063904,0.85,0.042664,1.394774,True
48.73096026709122,-1.2573114507864207,0.6684038051283633,0.3978002750456785,0.679591205265837,0.8,0.053087,1.32869,True
48.112563996348925,-0.7804628018916389,0.5920415507325854,0.6792457106392886,0.5425613749326184,0.8,0.044807,1.321087,True
48.73096026709122,-1.2573114507864207,0.6684038051283633,0.3978002750456785,0.679591205265837,0.825,0.06633,1.348397,True
48.73096026709122,-1.2573114507864207,0.6684038051283633,0.3978002750456785,0.679591205265837,0.85,0.127017,1.335378,True
48.112563996348925,-0.7804628018916389,0.5920415507325854,0.6792457106392886,0.5425613749326184,0.825,0.044,1.349817,True
48.50112428911512,-1.3478925977630016,0.3733617350228007,0.3787825177422035,0.4048380212525039,0.8,0.036018,1.335614,True
48.112563996348925,-0.7804628018916389,0.5920415507325854,0.6792457106392886,0.5425613749326184,0.85,0.0438,1.379875,True
48.50112428911512,-1.3478925977630016,0.3733617350228007,0.3787825177422035,0.4048380212525039,0.825,0.034711,1.365596,True
48.50112428911512,-1.3478925977630016,0.3733617350228007,0.3787825177422035,0.4048380212525039,0.85,0.034113,1.397024,True
48.27590860022375,1.387964504882646,0.5301292372608669,0.46306471948674677,0.6216065156384987,0.8,0.037372,1.332495,True
48.27590860022375,1.387964504882646,0.5301292372608669,0.46306471948674677,0.6216065156384987,0.825,0.037205,1.361515,True
48.12622794017117,-0.9078821396518624,0.4797377826139475,0.3656742569988909,0.6046308758532126,0.8,0.041175,1.331158,True
48.12622794017117,-0.9078821396518624,0.4797377826139475,0.3656742569988909,0.6046308758532126,0.825,0.045957,1.356757,True
48.12622794017117,-0.9078821396518624,0.4797377826139475,0.3656742569988909,0.6046308758532126,0.85,0.062037,1.37572,True
49.36660522245791,1.8209020321628837,0.6355128065092828,0.34180215098979033,0.4064929908739995,0.8,0.03946,1.337004,True
49.36660522245791,1.8209020321628837,0.6355128065092828,0.34180215098979033,0.4064929908739995,0.825,0.039227,1.366231,True
49.62118963948082,0.71443773286257,0.537595823796709,0.4956284677302578,0.31495597539726694,0.8,0.064925,1.316462,True
49.36660522245791,1.8209020321628837,0.6355128065092828,0.34180215098979033,0.4064929908739995,0.85,0.041055,1.395737,True
49.62118963948082,0.71443773286257,0.537595823796709,0.4956284677302578,0.31495597539726694,0.825,0.065587,1.343345,True
49.62118963948082,0.71443773286257,0.537595823796709,0.4956284677302578,0.31495597539726694,0.85,0.065947,1.372045,True
49.19347480799247,0.3900898688674279,0.6877786158519407,0.6114951274189009,0.3474104521008509,0.8,0.066729,1.30582,True
49.35531583358753,0.45481120320290946,0.49990965376602114,0.5570370173193475,0.5760813353047287,0.8,0.040169,1.337384,True
49.35531583358753,0.45481120320290946,0.49990965376602114,0.5570370173193475,0.5760813353047287,0.825,0.039154,1.367152,True
49.19347480799247,0.3900898688674279,0.6877786158519407,0.6114951274189009,0.3474104521008509,0.825,0.068071,1.331387,True
49.35531583358753,0.45481120320290946,0.49990965376602114,0.5570370173193475,0.5760813353047287,0.85,0.039425,1.397927,True
49.382351964473926,-0.5775342159452925,0.40619671629286713,0.6040308627834985,0.43203526663379094,0.8,0.050655,1.325764,True
49.19347480799247,0.3900898688674279,0.6877786158519407,0.6114951274189009,0.3474104521008509,0.85,0.069792,1.358084,True
49.382351964473926,-0.5775342159452925,0.40619671629286713,0.6040308627834985,0.43203526663379094,0.825,0.051772,1.353033,True
49.382351964473926,-0.5775342159452925,0.40619671629286713,0.6040308627834985,0.43203526663379094,0.85,0.051977,1.382724,True
48.91047000867232,-1.6014364428100576,0.6957244129281444,0.4513910669470479,0.47089420349187106,0.8,0.040686,1.3352,True
48.91047000867232,-1.6014364428100576,0.6957244129281444,0.4513910669470479,0.47089420349187106,0.825,0.040499,1.3643,True
49.149030221112945,-0.41691593915604264,0.43276648764184533,0.4969152711953956,0.5856693773532654,0.8,0.037164,1.339962,True
48.91047000867232,-1.6014364428100576,0.6957244129281444,0.4513910669470479,0.47089420349187106,0.85,0.04146,1.394479,True
49.149030221112945,-0.41691593915604264,0.43276648764184533,0.4969152711953956,0.5856693773532654,0.825,0.036605,1.369585,True
49.667467445256,0.9567937595003548,0.3842961336844104,0.5308315442798776,0.5285297411449607,0.8,0.040815,1.338384,True
49.149030221112945,-0.41691593915604264,0.43276648764184533,0.4969152711953956,0.5856693773532654,0.85,0.037831,1.399858,True
49.667467445256,0.9567937595003548,0.3842961336844104,0.5308315442798776,0.5285297411449607,0.825,0.038735,1.369007,True
49.7370396713709,1.9125749472582343,0.595190290071147,0.6764799700565118,0.5584552940246508,0.8,0.045858,1.329476,True
49.667467445256,0.9567937595003548,0.3842961336844104,0.5308315442798776,0.5285297411449607,0.85,0.037955,1.400665,True
49.7370396713709,1.9125749472582343,0.595190290071147,0.6764799700565118,0.5584552940246508,0.825,0.044798,1.358814,True
49.44793186472486,-0.31883077713476204,0.42775868932511263,0.36020775583515274,0.6657992087087004,0.825,0.108572,1.326998,True
49.44793186472486,-0.31883077713476204,0.42775868932511263,0.36020775583515274,0.6657992087087004,0.85,0.152871,1.323768,True
49.44793186472486,-0.31883077713476204,0.42775868932511263,0.36020775583515274,0.6657992087087004,0.8,0.054389,1.333311,True
49.84735460188849,1.223070429278641,0.6976410158553078,0.32117286413738005,0.3971002814001117,0.8,0.041143,1.340137,True
49.31754741026977,-1.6342049040267197,0.4422973307011956,0.6802508497202888,0.43132135570852687,0.8,0.053672,1.319623,True
49.84735460188849,1.223070429278641,0.6976410158553078,0.32117286413738005,0.3971002814001117,0.825,0.041702,1.368949,True
49.84735460188849,1.223070429278641,0.6976410158553078,0.32117286413738005,0.3971002814001117,0.85,0.044237,1.398231,True
49.31754741026977,-1.6342049040267197,0.4422973307011956,0.6802508497202888,0.43132135570852687,0.825,0.055573,1.345747,True
49.31754741026977,-1.6342049040267197,0.4422973307011956,0.6802508497202888,0.43132135570852687,0.85,0.056818,1.373901,True
48.83469149605712,0.4750318719226869,0.4315104069968997,0.36367749187429615,0.4741199619783849,0.8,0.03553,1.33804,True
48.83469149605712,0.4750318719226869,0.4315104069968997,0.36367749187429615,0.4741199619783849,0.825,0.035254,1.367379,True
48.83469149605712,0.4750318719226869,0.4315104069968997,0.36367749187429615,0.4741199619783849,0.85,0.037365,1.396968,True
49.681120111713945,-0.13554717426655372,0.5869646769574246,0.6250187841689763,0.456940508667635,0.8,0.051718,1.326437,True
49.681120111713945,-0.13554717426655372,0.5869646769574246,0.6250187841689763,0.456940508667635,0.825,0.050231,1.355792,True
49.681120111713945,-0.13554717426655372,0.5869646769574246,0.6250187841689763,0.456940508667635,0.85,0.050031,1.386012,True
48.30463431986423,0.3713087383060465,0.5737364903342159,0.3277486722942629,0.6520955005683086,0.8,0.064216,1.317862,True
48.30463431986423,0.3713087383060465,0.5737364903342159,0.3277486722942629,0.6520955005683086,0.825,0.123839,1.306353,True
48.30463431986423,0.3713087383060465,0.5737364903342159,0.3277486722942629,0.6520955005683086,0.85,0.153987,1.311431,True
48.925179692404136,0.2809358895018961,0.5076728462445798,0.6628911668959201,0.6575845654932968,0.8,0.040394,1.333621,True
48.925179692404136,0.2809358895018961,0.5076728462445798,0.6628911668959201,0.6575845654932968,0.825,0.039341,1.363233,True
48.925179692404136,0.2809358895018961,0.5076728462445798,0.6628911668959201,0.6575845654932968,0.85,0.039212,1.394105,True
48.35746815393873,-1.9806010915752237,0.5577620933785196,0.3501663031847416,0.5993569340170353,0.8,0.047983,1.329193,True
48.35746815393873,-1.9806010915752237,0.5577620933785196,0.3501663031847416,0.5993569340170353,0.825,0.058357,1.350915,True
48.613918707880856,-0.5093002826397857,0.4871990975095094,0.5889362278173078,0.49362552211076927,0.8,0.044866,1.326657,True
48.35746815393873,-1.9806010915752237,0.5577620933785196,0.3501663031847416,0.5993569340170353,0.85,0.116255,1.340076,True
48.613918707880856,-0.5093002826397857,0.4871990975095094,0.5889362278173078,0.49362552211076927,0.825,0.043052,1.35643,True
48.6501139610148,0.14363384262592271,0.38051677073453694,0.655062481405972,0.3256942457557473,0.8,0.072963,1.289182,True
48.613918707880856,-0.5093002826397857,0.4871990975095094,0.5889362278173078,0.49362552211076927,0.85,0.042739,1.386982,True
49.060793341417266,-0.7668277413476345,0.3018997866206061,0.5493151926463786,0.6944110859390081,0.8,0.035652,1.341366,True
49.060793341417266,-0.7668277413476345,0.3018997866206061,0.5493151926463786,0.6944110859390081,0.825,0.034759,1.371353,True
49.060793341417266,-0.7668277413476345,0.3018997866206061,0.5493151926463786,0.6944110859390081,0.85,0.036524,1.401463,True
48.36377291255012,1.924983228305103,0.4344127292322752,0.4415760907778389,0.6581524333678136,0.8,0.036516,1.334043,True
49.2256201039708,0.6472197270147166,0.40399538245482647,0.5780132630031776,0.33543820722807166,0.8,0.064506,1.309027,True
49.2256201039708,0.6472197270147166,0.40399538245482647,0.5780132630031776,0.33543820722807166,0.825,0.069095,1.331997,True
